{
  "project_info": {
    "project_number": "601246550112",
    "firebase_url": "https://carpooler-4ccab.firebaseio.com",
    "project_id": "carpooler-4ccab",
    "storage_bucket": "carpooler-4ccab.appspot.com"
  },
  "client": [
    {
      "client_info": {
        "mobilesdk_app_id": "1:601246550112:android:b3d38ef0554c1a63",
        "android_client_info": {
          "package_name": "com.example.asus.carpooler"
        }
      },
      "oauth_client": [
        {
          "client_id": "601246550112-rrjlh47740o4dfsh1ti3k97ojle4b01m.apps.googleusercontent.com",
          "client_type": 1,
          "android_info": {
            "package_name": "com.example.asus.carpooler",
            "certificate_hash": "4a3536ae2287cdb9af4746c1ff5ea2bb01070a6a"
          }
        },
        {
          "client_id": "601246550112-dfgf2gk8lf7ltcbs23s014sjcjn482l5.apps.googleusercontent.com",
          "client_type": 3
        }
      ],
      "api_key": [
        {
          "current_key": "AIzaSyAWxTgRPpvnknJXYlRsNcNDQmU-sPGdKOQ"
        }
      ],
      "services": {
        "analytics_service": {
          "status": 1
        },
        "appinvite_service": {
          "status": 2,
          "other_platform_oauth_client": [
            {
              "client_id": "601246550112-dfgf2gk8lf7ltcbs23s014sjcjn482l5.apps.googleusercontent.com",
              "client_type": 3
            }
          ]
        },
        "ads_service": {
          "status": 2
        }
      }
    }
  ],
  "configuration_version": "1"
}